from	to	reason
/1c-integration-for-business/	/1c-integration/	near-duplicate 0.958
/3d-design-service-for-business/	/3d-design-service/	near-duplicate 0.958
/3d-model-for-print-for-business/	/3d-model-for-print/	near-duplicate 0.959
/3d-printer-setup-for-business/	/3d-printer-setup/	near-duplicate 0.959
/3d-printing-service-for-business/	/3d-printing-service/	near-duplicate 0.959
/3d-prototyping-for-business/	/3d-prototyping/	near-duplicate 0.959
/3d-website-development-for-business/	/3d-website-development/	near-duplicate 0.958
/ads-platform-setup-for-business/	/ads-platform-setup/	near-duplicate 0.959
/ai-business-automation-for-business/	/ai-business-automation/	near-duplicate 0.959
/ai-call-center-for-business/	/ai-call-center/	near-duplicate 0.959
/ai-database-conversion-for-business/	/ai-database-conversion/	near-duplicate 0.960
/ai-inbound-agent-for-business/	/ai-inbound-agent/	near-duplicate 0.952
/ai-outbound-calling-for-business/	/ai-outbound-calling/	near-duplicate 0.959
/ai-sales-agent-for-business/	/ai-sales-agent/	near-duplicate 0.959
/api-integrations-for-business/	/api-integrations/	near-duplicate 0.959
/automation-scripts-for-business/	/automation-scripts/	near-duplicate 0.959
/bitrix24-automation-for-business/	/bitrix24-automation/	near-duplicate 0.959
/bitrix24-implementation-for-business/	/bitrix24-implementation/	near-duplicate 0.959
/bitrix24-license-for-business/	/bitrix24-license/	near-duplicate 0.958
/bitrix24-training-for-business/	/bitrix24-training/	near-duplicate 0.959
/branding-design-for-business/	/branding-design/	near-duplicate 0.958
/business-bot-development-for-business/	/business-bot-development/	near-duplicate 0.959
/business-process-digitization-for-business/	/business-process-digitization/	near-duplicate 0.959
/content-repurposing-for-business/	/content-repurposing/	near-duplicate 0.959
/corporate-software-setup-for-business/	/corporate-software-setup/	near-duplicate 0.960
/crm-customization-for-business/	/crm-customization/	near-duplicate 0.960
/crm-migration-for-business/	/crm-migration/	near-duplicate 0.958
/cross-posting-automation-for-business/	/cross-posting-automation/	near-duplicate 0.960
/cross-posting-for-business/	/cross-posting/	near-duplicate 0.960
/custom-ai-agent-for-business/	/custom-ai-agent/	near-duplicate 0.960
/custom-software-development-for-business/	/custom-software-development/	near-duplicate 0.960
/database-reactivation-sales-for-business/	/database-reactivation-sales/	near-duplicate 0.919
/digital-audit-for-business/	/digital-audit/	near-duplicate 0.959
/digital-department-as-a-service-for-business/	/digital-department-as-a-service/	near-duplicate 0.951
/digital-transformation-for-business/	/digital-transformation/	near-duplicate 0.949
/electronic-art-for-business/	/electronic-art/	near-duplicate 0.959
/full-digital-outsourcing-for-business/	/full-digital-outsourcing/	near-duplicate 0.951
/google-ads-30-offer-for-business/	/google-ads-30-offer/	near-duplicate 0.961
/google-ads-setup-for-business/	/google-ads-setup/	near-duplicate 0.959
/incoming-calls-sales-for-business/	/incoming-calls-sales/	near-duplicate 0.960
/it-outsourcing-business-for-business/	/it-outsourcing-business/	near-duplicate 0.950
/lead-qualification-service-for-business/	/lead-qualification-service/	near-duplicate 0.958
/marketing-outsourcing-for-business/	/marketing-outsourcing/	near-duplicate 0.959
/meta-ads-setup-for-business/	/meta-ads-setup/	near-duplicate 0.959
/no-code-low-code-for-business/	/no-code-low-code/	near-duplicate 0.960
/outsourced-sales-manager-for-business/	/outsourced-sales-manager/	near-duplicate 0.959
/performance-marketing-for-business/	/performance-marketing/	near-duplicate 0.959
/rebranding-service-for-business/	/rebranding-service/	near-duplicate 0.959
/saas-integration-for-business/	/saas-integration/	near-duplicate 0.951
/sales-as-a-service-for-business/	/sales-as-a-service/	near-duplicate 0.950
/sales-automation-end-to-end-for-business/	/sales-automation-end-to-end/	near-duplicate 0.959
/social-media-content-distribution-for-business/	/social-media-content-distribution/	near-duplicate 0.959
/social-media-management-for-business/	/social-media-management/	near-duplicate 0.959
/software-setup-service-for-business/	/software-setup-service/	near-duplicate 0.949
/telegram-bot-development-for-business/	/telegram-bot-development/	near-duplicate 0.960
/threejs-development-for-business/	/threejs-development/	near-duplicate 0.958
/tiktok-ads-setup-for-business/	/tiktok-ads-setup/	near-duplicate 0.959
/ui-ux-design-for-business/	/ui-ux-design/	near-duplicate 0.958
/web-app-development-for-business/	/web-app-development/	near-duplicate 0.959
/webgl-development-for-business/	/webgl-development/	near-duplicate 0.958
/robotics-investor-minsk/	/invest-robot-mvp/	city-clone retired; remote service-area strategy
/robotics-investor-moscow/	/invest-robot-mvp/	city-clone retired; remote service-area strategy
/mobile-farm-minsk/	/mobile-farm-turnkey/	city-clone retired; remote service-area strategy
/context-ads/	/yandex-direct/	consolidated paid-search intent for Moscow/Russia
