route	words	reason
/1c-integration/	117	thin or legacy content; expand/review before indexing
/3d-design-service/	118	thin or legacy content; expand/review before indexing
/3d-printer-setup/	117	thin or legacy content; expand/review before indexing
/3d-printing-service/	119	thin or legacy content; expand/review before indexing
/3d-prototyping/	116	thin or legacy content; expand/review before indexing
/3d-training/	114	thin or legacy content; expand/review before indexing
/3d-website-development/	118	thin or legacy content; expand/review before indexing
/ads-platform-setup/	116	thin or legacy content; expand/review before indexing
/ai-business-automation/	119	thin or legacy content; expand/review before indexing
/ai-call-center/	119	thin or legacy content; expand/review before indexing
/ai-database-conversion/	118	thin or legacy content; expand/review before indexing
/ai-hardware-integration/	93	thin or legacy content; expand/review before indexing
/ai-outbound-calling/	119	thin or legacy content; expand/review before indexing
/ai-robots/	95	thin or legacy content; expand/review before indexing
/ai-sales-agent/	118	thin or legacy content; expand/review before indexing
/ai-training/	114	thin or legacy content; expand/review before indexing
/automation-hardware/	89	thin or legacy content; expand/review before indexing
/automation-scripts/	117	thin or legacy content; expand/review before indexing
/bitrix24-automation/	114	thin or legacy content; expand/review before indexing
/bitrix24-implementation/	117	thin or legacy content; expand/review before indexing
/bitrix24-license/	116	thin or legacy content; expand/review before indexing
/branding-design/	116	thin or legacy content; expand/review before indexing
/business-bot-development/	117	thin or legacy content; expand/review before indexing
/business-process-digitization/	118	thin or legacy content; expand/review before indexing
/computer-vision-robotics/	88	thin or legacy content; expand/review before indexing
/content-repurposing/	116	thin or legacy content; expand/review before indexing
/corporate-software-setup/	118	thin or legacy content; expand/review before indexing
/crm-customization/	119	thin or legacy content; expand/review before indexing
/crm-migration/	118	thin or legacy content; expand/review before indexing
/cross-posting-automation/	116	thin or legacy content; expand/review before indexing
/cross-posting/	119	thin or legacy content; expand/review before indexing
/custom-hardware-software/	97	thin or legacy content; expand/review before indexing
/custom-software-development/	117	thin or legacy content; expand/review before indexing
/database-reactivation-sales/	119	thin or legacy content; expand/review before indexing
/digital-audit/	118	thin or legacy content; expand/review before indexing
/digital-department-as-a-service/	116	thin or legacy content; expand/review before indexing
/digital-marketing-training/	115	thin or legacy content; expand/review before indexing
/digital-transformation/	115	thin or legacy content; expand/review before indexing
/edge-ai-robotics/	95	thin or legacy content; expand/review before indexing
/educational-robotics/	95	thin or legacy content; expand/review before indexing
/electronic-art/	116	thin or legacy content; expand/review before indexing
/electronics-prototyping/	89	thin or legacy content; expand/review before indexing
/embedded-systems/	89	thin or legacy content; expand/review before indexing
/full-digital-outsourcing/	117	thin or legacy content; expand/review before indexing
/google-ads-setup/	117	thin or legacy content; expand/review before indexing
/group-tech-training/	118	thin or legacy content; expand/review before indexing
/humanoid-robot-development/	96	thin or legacy content; expand/review before indexing
/individual-tech-training/	117	thin or legacy content; expand/review before indexing
/invest/	96	thin or legacy content; expand/review before indexing
/iot-development/	92	thin or legacy content; expand/review before indexing
/it-outsourcing-business/	113	thin or legacy content; expand/review before indexing
/it-product-from-idea/	98	thin or legacy content; expand/review before indexing
/jetson-robotics/	95	thin or legacy content; expand/review before indexing
/lead-qualification-service/	115	thin or legacy content; expand/review before indexing
/local-ai-devices/	93	thin or legacy content; expand/review before indexing
/marketing-outsourcing/	118	thin or legacy content; expand/review before indexing
/meta-ads-setup/	117	thin or legacy content; expand/review before indexing
/mobile-farm-setup/	116	thin or legacy content; expand/review before indexing
/mobile-farm-support/	114	thin or legacy content; expand/review before indexing
/outsourced-sales-manager/	119	thin or legacy content; expand/review before indexing
/performance-marketing/	118	thin or legacy content; expand/review before indexing
/physical-ai/	94	thin or legacy content; expand/review before indexing
/product-discovery/	90	thin or legacy content; expand/review before indexing
/proof-of-concept/	91	thin or legacy content; expand/review before indexing
/raspberry-stm32-robotics/	92	thin or legacy content; expand/review before indexing
/rebranding-service/	118	thin or legacy content; expand/review before indexing
/rnd-as-a-service/	96	thin or legacy content; expand/review before indexing
/robot-actuators/	89	thin or legacy content; expand/review before indexing
/robot-cad-design/	88	thin or legacy content; expand/review before indexing
/robot-development/	98	thin or legacy content; expand/review before indexing
/robot-firmware/	90	thin or legacy content; expand/review before indexing
/robot-kinematics/	88	thin or legacy content; expand/review before indexing
/robot-power-safety/	89	thin or legacy content; expand/review before indexing
/robot-prototyping/	90	thin or legacy content; expand/review before indexing
/robot-python-cpp/	93	thin or legacy content; expand/review before indexing
/robot-sdk/	93	thin or legacy content; expand/review before indexing
/robot-sensors/	92	thin or legacy content; expand/review before indexing
/robot-system-integration/	95	thin or legacy content; expand/review before indexing
/robot-telemetry-logging/	93	thin or legacy content; expand/review before indexing
/robot-testing/	91	thin or legacy content; expand/review before indexing
/robotics-api/	97	thin or legacy content; expand/review before indexing
/robotics-architecture/	93	thin or legacy content; expand/review before indexing
/robotics-b2b/	92	thin or legacy content; expand/review before indexing
/robotics-consulting/	91	thin or legacy content; expand/review before indexing
/robotics-cost-estimation/	93	thin or legacy content; expand/review before indexing
/robotics-documentation/	92	thin or legacy content; expand/review before indexing
/robotics-for-education/	93	thin or legacy content; expand/review before indexing
/robotics-investment/	98	thin or legacy content; expand/review before indexing
/robotics-mvp/	92	thin or legacy content; expand/review before indexing
/robotics-outsourcing/	95	thin or legacy content; expand/review before indexing
/robotics-partnership/	92	thin or legacy content; expand/review before indexing
/robotics-rnd/	94	thin or legacy content; expand/review before indexing
/robotics-roadmap/	94	thin or legacy content; expand/review before indexing
/robotics-software/	93	thin or legacy content; expand/review before indexing
/robotics-team/	92	thin or legacy content; expand/review before indexing
/robotics/	100	thin or legacy content; expand/review before indexing
/ros2-development/	95	thin or legacy content; expand/review before indexing
/saas-integration/	116	thin or legacy content; expand/review before indexing
/sales-as-a-service/	118	thin or legacy content; expand/review before indexing
/sales-training/	117	thin or legacy content; expand/review before indexing
/service-robots-business/	94	thin or legacy content; expand/review before indexing
/smart-device-development/	91	thin or legacy content; expand/review before indexing
/social-media-content-distribution/	116	thin or legacy content; expand/review before indexing
/social-media-management/	117	thin or legacy content; expand/review before indexing
/software-setup-service/	115	thin or legacy content; expand/review before indexing
/spatial-audio-robotics/	91	thin or legacy content; expand/review before indexing
/startup-mvp-development/	95	thin or legacy content; expand/review before indexing
/technical-feasibility/	94	thin or legacy content; expand/review before indexing
/technology-consulting/	92	thin or legacy content; expand/review before indexing
/technology-investor/	93	thin or legacy content; expand/review before indexing
/technology-product-development/	94	thin or legacy content; expand/review before indexing
/telegram-bot-development/	119	thin or legacy content; expand/review before indexing
/threejs-development/	117	thin or legacy content; expand/review before indexing
/tiktok-ads-setup/	117	thin or legacy content; expand/review before indexing
/ui-ux-design/	114	thin or legacy content; expand/review before indexing
/voice-ai-robotics/	92	thin or legacy content; expand/review before indexing
/web-app-development/	116	thin or legacy content; expand/review before indexing
/webgl-development/	114	thin or legacy content; expand/review before indexing
